class,theta1,theta2,theta3,theta4,beta,rmse
Manufactured,66.7586,74.5212,110.0,122.7906,0.11,0.04954
Wood Frame,88.0,100.2169,145.0,165.1301,0.13,0.066597
Masonry,100.1379,116.3437,165.0,191.7027,0.15,0.039342
Reinforced Concrete,112.2759,143.6503,185.0,226.7991,0.2,0.00618
